Date,Open,High,Low,Close,Volume
1-Jul-16,17.88,17.94,17.73,17.91,2279948
30-Jun-16,17.71,18.00,17.71,17.85,3581603
29-Jun-16,17.81,17.92,17.71,17.78,3840277
28-Jun-16,17.61,17.66,17.36,17.55,7850315
27-Jun-16,17.79,17.80,17.31,17.33,6658625
24-Jun-16,18.25,18.31,18.06,18.08,3182211
23-Jun-16,18.84,18.99,18.77,18.98,5260950
22-Jun-16,18.47,18.67,18.42,18.58,2582482
21-Jun-16,18.60,18.66,18.45,18.54,2051003
20-Jun-16,18.51,18.74,18.51,18.62,2635851
17-Jun-16,18.21,18.32,18.11,18.27,3555521
16-Jun-16,17.98,18.29,17.95,18.24,2059885
15-Jun-16,18.25,18.26,18.05,18.11,2487505
14-Jun-16,17.93,18.15,17.89,18.06,3435441
13-Jun-16,18.14,18.14,17.86,17.93,3974680
10-Jun-16,18.23,18.35,17.89,18.08,5507771
9-Jun-16,18.50,18.57,17.87,18.23,9555316
8-Jun-16,19.36,19.54,19.29,19.30,3844999
7-Jun-16,19.53,19.61,19.43,19.54,2657926
6-Jun-16,19.65,19.76,19.57,19.71,2240471
3-Jun-16,19.62,19.65,19.53,19.61,1784134
2-Jun-16,19.50,19.68,19.46,19.67,1783529
1-Jun-16,19.37,19.58,19.35,19.55,1630541
31-May-16,19.42,19.53,19.34,19.44,2906374
27-May-16,19.26,19.49,19.23,19.49,1884656
26-May-16,19.24,19.41,19.17,19.18,3264659
25-May-16,18.75,18.88,18.63,18.81,2491606
24-May-16,18.33,18.62,18.32,18.59,2627936
23-May-16,18.36,18.44,18.18,18.39,2222385
20-May-16,18.53,18.64,18.40,18.46,1410315
19-May-16,18.43,18.57,18.30,18.47,1799920
18-May-16,18.52,18.75,18.41,18.64,2166081
17-May-16,18.82,18.83,18.41,18.42,2203223
16-May-16,18.79,18.98,18.71,18.86,2250114
13-May-16,18.65,18.78,18.52,18.55,1415530
12-May-16,18.80,18.80,18.60,18.72,1350165
11-May-16,18.88,18.88,18.62,18.66,1716707
10-May-16,18.81,19.10,18.79,18.99,3314471
9-May-16,18.55,18.76,18.55,18.69,2474176
6-May-16,18.30,18.48,18.30,18.40,2807364
5-May-16,18.49,18.51,18.35,18.40,2480965
4-May-16,18.47,18.57,18.24,18.44,3702356
3-May-16,18.50,18.62,18.43,18.51,2284931
2-May-16,18.68,18.93,18.68,18.79,1868719
29-Apr-16,18.83,18.86,18.57,18.80,2621325
28-Apr-16,18.93,19.11,18.80,18.89,2550094
27-Apr-16,19.26,19.40,19.14,19.22,3411367
26-Apr-16,19.23,19.37,19.09,19.23,3516230
25-Apr-16,19.02,19.16,18.91,19.08,1543880
22-Apr-16,18.90,19.13,18.86,19.08,3038446
21-Apr-16,19.16,19.18,18.86,18.94,2943680
20-Apr-16,19.42,19.50,19.24,19.34,4179903
19-Apr-16,19.40,19.60,19.34,19.35,4215283
18-Apr-16,19.55,19.61,19.29,19.29,5035766
15-Apr-16,19.67,20.47,19.55,20.00,14748934
14-Apr-16,18.45,18.52,18.25,18.45,5710237
13-Apr-16,18.23,18.42,18.00,18.35,6439110
12-Apr-16,18.25,18.30,18.08,18.20,3206610
11-Apr-16,18.26,18.39,18.15,18.17,2383828
8-Apr-16,18.18,18.20,17.86,18.05,4478406
7-Apr-16,18.49,18.51,18.06,18.11,5223565
6-Apr-16,18.67,18.82,18.56,18.80,3712133
5-Apr-16,19.00,19.00,18.69,18.81,3102655
4-Apr-16,19.49,19.49,19.23,19.25,2019146
1-Apr-16,18.86,19.33,18.78,19.25,3395856
31-Mar-16,19.27,19.27,19.00,19.02,3252708
30-Mar-16,18.79,19.32,18.77,19.16,5401449
29-Mar-16,18.70,18.86,18.64,18.69,4258276
28-Mar-16,18.76,18.80,18.61,18.75,2478267
24-Mar-16,18.60,18.82,18.59,18.81,3000098
23-Mar-16,18.70,18.70,18.38,18.66,4490019
22-Mar-16,18.48,18.64,18.34,18.51,3325016
21-Mar-16,18.54,18.77,18.47,18.68,3132166
18-Mar-16,18.58,18.61,18.35,18.52,2608255
17-Mar-16,18.20,18.34,18.04,18.33,2578201
16-Mar-16,17.92,18.19,17.67,18.18,2632498
15-Mar-16,17.82,17.86,17.72,17.75,2814265
14-Mar-16,17.86,18.12,17.85,18.02,3313194
11-Mar-16,17.84,17.96,17.72,17.96,3092046
10-Mar-16,17.71,17.99,17.64,17.77,5954795
9-Mar-16,18.30,18.30,17.72,17.84,4801346
8-Mar-16,18.04,18.06,17.84,17.92,3325033
7-Mar-16,18.25,18.49,18.23,18.41,2030525
4-Mar-16,18.16,18.47,18.12,18.44,3730425
3-Mar-16,17.72,18.22,17.72,18.18,5440565
2-Mar-16,17.52,17.80,17.46,17.68,5858346
1-Mar-16,17.21,17.49,17.12,17.42,3717459
29-Feb-16,16.50,16.94,16.49,16.82,5476685
26-Feb-16,16.93,16.96,16.65,16.89,3824913
25-Feb-16,16.61,16.91,16.60,16.87,4121183
24-Feb-16,16.57,16.86,16.50,16.84,4208105
23-Feb-16,16.74,16.87,16.62,16.65,4361656
22-Feb-16,16.73,17.01,16.68,16.89,6166989
19-Feb-16,16.44,16.49,16.24,16.39,5464378
18-Feb-16,16.73,16.75,16.39,16.41,7033790
17-Feb-16,16.41,16.53,16.24,16.48,15537000
16-Feb-16,16.07,16.29,16.01,16.21,10596419
12-Feb-16,16.38,16.46,15.96,16.10,4471567
11-Feb-16,16.01,16.26,15.91,16.21,7306515
10-Feb-16,16.48,16.74,16.33,16.35,4489990
9-Feb-16,16.33,16.49,16.14,16.34,8164642
8-Feb-16,17.00,17.10,16.26,16.55,10245972
5-Feb-16,17.72,17.76,17.31,17.35,3867224
4-Feb-16,17.83,17.89,17.67,17.84,3165853
3-Feb-16,17.70,17.77,17.36,17.65,3911909
2-Feb-16,17.71,17.90,17.48,17.56,3370378
1-Feb-16,17.88,17.88,17.65,17.77,3890500
29-Jan-16,17.75,18.01,17.69,17.91,4798500
28-Jan-16,17.44,17.54,17.24,17.30,2726695
27-Jan-16,17.53,17.74,17.36,17.42,6347820
26-Jan-16,17.86,17.95,17.48,17.52,5073911
25-Jan-16,17.85,17.93,17.70,17.81,3689462
22-Jan-16,17.82,18.00,17.78,17.90,3286151
21-Jan-16,17.52,18.00,17.35,17.87,6586319
20-Jan-16,17.18,17.53,17.04,17.42,7739013
19-Jan-16,17.44,17.55,17.28,17.48,6356108
15-Jan-16,17.33,17.60,17.12,17.32,6201664
14-Jan-16,17.79,18.07,17.34,17.85,11746230
13-Jan-16,16.75,16.98,16.44,16.46,8359704
12-Jan-16,16.21,16.72,16.21,16.57,5930415
11-Jan-16,16.18,16.39,16.15,16.25,4884331
8-Jan-16,16.15,16.36,16.11,16.17,4073701
7-Jan-16,15.81,16.28,15.76,16.06,3925234
6-Jan-16,16.09,16.30,16.00,16.07,3521039
5-Jan-16,16.30,16.40,16.14,16.20,3632927
4-Jan-16,16.46,16.46,16.23,16.24,4108159
31-Dec-15,16.94,16.94,16.72,16.75,1472735
30-Dec-15,16.79,16.88,16.75,16.82,1605000
29-Dec-15,16.91,17.04,16.90,16.95,1914753
28-Dec-15,16.85,16.99,16.75,16.84,1648698
24-Dec-15,16.86,16.92,16.80,16.85,534248
23-Dec-15,16.91,16.91,16.73,16.86,2050702
22-Dec-15,16.57,16.81,16.56,16.79,3111604
21-Dec-15,16.74,16.83,16.45,16.56,4273924
18-Dec-15,16.49,16.69,16.33,16.35,3795531
17-Dec-15,17.00,17.02,16.52,16.63,6049627
16-Dec-15,17.06,17.06,16.77,16.92,2851479
15-Dec-15,16.75,16.94,16.75,16.79,3601626
14-Dec-15,16.44,16.64,16.30,16.52,5302587
11-Dec-15,16.25,16.33,16.08,16.23,3257388
10-Dec-15,16.35,16.46,16.28,16.43,4758554
9-Dec-15,15.89,16.26,15.88,16.12,3932497
8-Dec-15,16.17,16.17,15.87,15.92,5077187
7-Dec-15,16.20,16.42,16.17,16.31,2029666
4-Dec-15,16.13,16.43,16.12,16.37,1750556
3-Dec-15,16.28,16.30,16.07,16.13,2015478
2-Dec-15,16.42,16.45,16.22,16.26,3178400
1-Dec-15,16.70,16.76,16.41,16.56,3033574
30-Nov-15,16.64,17.00,16.45,16.68,6936366
27-Nov-15,16.32,16.69,16.28,16.47,3354153
25-Nov-15,16.26,16.26,16.04,16.17,2284534
24-Nov-15,16.09,16.27,15.87,16.24,2674082
23-Nov-15,16.25,16.34,16.20,16.24,1799549
20-Nov-15,16.42,16.46,16.08,16.21,2477208
19-Nov-15,16.28,16.43,16.06,16.29,3637614
18-Nov-15,15.98,16.17,15.72,16.11,6425696
17-Nov-15,16.31,16.42,15.86,16.11,8383782
16-Nov-15,17.01,17.03,16.62,16.91,7682557
13-Nov-15,17.24,17.29,16.92,17.02,4769764
12-Nov-15,17.38,17.56,17.33,17.36,2007037
11-Nov-15,17.49,17.54,17.36,17.47,2217582
10-Nov-15,17.46,17.49,17.30,17.46,2484084
9-Nov-15,17.81,17.90,17.40,17.66,4174921
6-Nov-15,18.10,18.17,17.77,17.90,3423641
5-Nov-15,18.07,18.18,18.06,18.09,4262092
4-Nov-15,18.34,18.35,18.14,18.15,1926458
3-Nov-15,18.19,18.60,17.96,18.35,2939079
2-Nov-15,18.08,18.34,17.91,18.26,2492053
30-Oct-15,18.19,18.20,18.03,18.16,1928548
29-Oct-15,18.37,18.47,18.17,18.29,2617461
28-Oct-15,18.48,18.72,18.34,18.60,3413588
27-Oct-15,18.50,18.62,18.33,18.50,2221196
26-Oct-15,18.49,18.63,18.45,18.50,2197756
23-Oct-15,18.39,18.66,18.25,18.62,4275089
22-Oct-15,17.77,18.18,17.71,18.16,2600876
21-Oct-15,18.11,18.12,17.59,17.65,4362112
20-Oct-15,18.11,18.16,17.93,18.05,7704552
19-Oct-15,18.00,18.07,17.82,17.92,3871668
16-Oct-15,17.50,18.07,17.39,18.04,6227548
15-Oct-15,17.40,17.46,17.26,17.45,4341655
14-Oct-15,17.69,17.80,17.32,17.40,6125350
13-Oct-15,17.78,17.78,17.24,17.53,8200382
12-Oct-15,18.68,19.03,17.65,17.88,13207449
9-Oct-15,19.40,19.40,19.01,19.15,8046435
8-Oct-15,18.86,19.16,18.86,19.16,5690831
7-Oct-15,18.89,19.01,18.83,19.01,3828135
6-Oct-15,19.09,19.14,18.94,19.00,5282394
5-Oct-15,19.05,19.46,19.01,19.44,3885589
2-Oct-15,18.74,18.90,18.38,18.89,5102349
1-Oct-15,19.03,19.06,18.62,18.89,5007690
30-Sep-15,18.35,19.16,18.31,19.09,10470932
29-Sep-15,17.83,18.12,17.78,18.05,3889540
28-Sep-15,17.79,17.88,17.65,17.84,3948263
25-Sep-15,17.78,17.88,17.64,17.81,3049776
24-Sep-15,17.82,17.87,17.56,17.68,3839278
23-Sep-15,17.91,17.94,17.64,17.65,2968213
22-Sep-15,17.67,17.91,17.61,17.75,3552522
21-Sep-15,17.69,17.92,17.56,17.86,3262975
18-Sep-15,17.74,17.74,17.33,17.42,3523562
17-Sep-15,17.80,18.00,17.69,17.75,2576845
16-Sep-15,17.84,17.90,17.73,17.87,2811152
15-Sep-15,17.71,17.78,17.65,17.76,4321035
14-Sep-15,17.70,17.74,17.54,17.68,4802317
11-Sep-15,17.51,17.70,17.44,17.69,4393932
10-Sep-15,17.28,17.65,17.19,17.60,5650547
9-Sep-15,17.69,17.70,17.25,17.27,5271458
8-Sep-15,16.99,17.47,16.97,17.44,4939996
4-Sep-15,16.90,17.12,16.75,16.92,4097509
3-Sep-15,17.33,17.66,17.33,17.55,3725830
2-Sep-15,17.18,17.48,16.97,17.45,4618518
1-Sep-15,16.95,17.03,16.77,16.85,3941760
31-Aug-15,17.15,17.32,17.12,17.15,4518753
28-Aug-15,17.34,17.57,17.17,17.51,3131754
27-Aug-15,17.00,17.27,16.97,17.27,4854007
26-Aug-15,16.64,16.97,16.49,16.95,8375522
25-Aug-15,16.82,16.99,16.50,16.50,4856170
24-Aug-15,16.05,16.67,15.90,16.54,10787379
21-Aug-15,17.42,17.54,17.04,17.05,4552644
20-Aug-15,17.79,17.82,17.31,17.31,5214865
19-Aug-15,18.23,18.23,18.00,18.16,3437557
18-Aug-15,18.03,18.20,17.87,18.00,3305963
17-Aug-15,17.90,17.99,17.83,17.90,2236197
14-Aug-15,18.03,18.10,17.94,17.97,2336800
13-Aug-15,17.77,18.21,17.77,18.03,4187129
12-Aug-15,17.74,17.88,17.57,17.85,3840409
11-Aug-15,17.62,17.73,17.39,17.46,2424546
10-Aug-15,17.40,17.71,17.40,17.69,3473426
7-Aug-15,17.31,17.54,17.31,17.53,3363287
6-Aug-15,17.35,17.45,17.15,17.31,3104730
5-Aug-15,17.25,17.55,17.25,17.39,4102068
4-Aug-15,16.79,16.97,16.69,16.94,2802095
3-Aug-15,17.00,17.13,16.86,16.96,3354336
31-Jul-15,16.96,17.12,16.88,16.91,4338729
30-Jul-15,16.90,17.00,16.73,16.95,3178008
29-Jul-15,17.02,17.11,16.94,17.00,3257728
28-Jul-15,16.88,16.94,16.66,16.93,3649386
27-Jul-15,16.78,16.90,16.57,16.74,4139030
24-Jul-15,17.19,17.35,17.11,17.23,4818771
23-Jul-15,17.20,17.45,17.20,17.32,4481756
22-Jul-15,17.11,17.48,17.10,17.26,5419306
21-Jul-15,17.63,17.90,17.03,17.06,17342622
20-Jul-15,15.85,15.95,15.71,15.77,4402909
17-Jul-15,16.00,16.04,15.77,15.84,4146151
16-Jul-15,15.95,16.08,15.88,15.93,2888551
15-Jul-15,15.65,15.84,15.62,15.78,2547590
14-Jul-15,15.67,15.73,15.51,15.58,3027579
13-Jul-15,15.48,15.62,15.42,15.54,2477251
10-Jul-15,15.35,15.53,15.35,15.48,3000733
9-Jul-15,15.40,15.63,15.32,15.41,3210604
8-Jul-15,15.52,15.57,15.40,15.45,4332574
7-Jul-15,15.83,15.89,15.59,15.86,2522302
6-Jul-15,15.86,15.92,15.77,15.88,5127434
2-Jul-15,15.95,15.97,15.75,15.96,2091473
1-Jul-15,15.98,16.02,15.75,15.91,3630170
30-Jun-15,15.94,15.97,15.66,15.85,3289837
29-Jun-15,15.91,15.98,15.81,15.86,2714609
26-Jun-15,16.26,16.31,16.11,16.17,4792727
25-Jun-15,15.90,16.28,15.89,16.13,4829701
24-Jun-15,15.98,16.09,15.74,15.76,6354190
23-Jun-15,16.16,16.25,16.10,16.11,4355720
22-Jun-15,16.19,16.36,16.12,16.26,3483378
19-Jun-15,16.02,16.08,15.93,15.95,2893830
18-Jun-15,15.93,16.21,15.93,16.08,3911612
17-Jun-15,15.72,15.96,15.72,15.96,4134968
16-Jun-15,15.58,15.96,15.58,15.92,4139832
15-Jun-15,15.40,15.66,15.36,15.62,3742730
12-Jun-15,15.33,15.52,15.30,15.51,5214718
11-Jun-15,15.56,15.74,15.50,15.62,4724952
10-Jun-15,15.80,15.90,15.72,15.86,6385384
9-Jun-15,15.66,15.70,15.52,15.56,4490880
8-Jun-15,15.76,15.81,15.73,15.76,2882360
5-Jun-15,15.76,15.96,15.76,15.90,3156634
4-Jun-15,15.92,15.99,15.70,15.82,5197154
3-Jun-15,15.94,16.22,15.88,16.05,5615628
2-Jun-15,15.88,15.94,15.78,15.91,6204242
1-Jun-15,15.98,16.19,15.96,16.10,4980404
29-May-15,15.88,15.94,15.82,15.94,6230266
28-May-15,15.66,15.79,15.65,15.77,3391392
27-May-15,15.56,15.66,15.49,15.63,4695618
26-May-15,15.68,15.70,15.56,15.66,3391080
22-May-15,15.96,15.96,15.87,15.92,3587108
21-May-15,16.02,16.02,15.89,15.92,4113028
20-May-15,16.02,16.10,15.96,16.01,4619200
19-May-15,15.90,15.96,15.80,15.85,3835842
18-May-15,15.62,15.80,15.54,15.70,5317554
15-May-15,15.44,15.56,15.34,15.54,6051470
14-May-15,15.38,15.42,15.32,15.35,3291008
13-May-15,15.43,15.56,15.34,15.38,3627314
12-May-15,15.32,15.44,15.30,15.34,7485686
11-May-15,15.80,15.84,15.62,15.65,5907610
8-May-15,15.56,15.62,15.50,15.61,5023314
7-May-15,15.52,15.56,15.32,15.41,7530794
6-May-15,15.44,15.46,15.26,15.31,5878504
5-May-15,15.58,15.68,15.55,15.61,4736000
4-May-15,15.88,16.00,15.77,15.77,5735114
1-May-15,15.52,15.63,15.50,15.60,3415484
30-Apr-15,15.48,15.54,15.44,15.49,7105390
29-Apr-15,15.54,15.67,15.53,15.58,7518708
28-Apr-15,15.64,15.78,15.50,15.64,10967038
27-Apr-15,15.78,15.94,15.49,15.66,12557846
24-Apr-15,16.24,16.52,15.72,15.90,30982842
23-Apr-15,17.07,17.59,17.00,17.48,11001566
22-Apr-15,17.17,17.36,17.10,17.28,10385302
21-Apr-15,17.18,17.38,17.18,17.28,9363530
20-Apr-15,17.24,17.32,17.14,17.26,9769726
17-Apr-15,17.54,17.59,17.33,17.55,4780616
16-Apr-15,17.69,17.77,17.57,17.66,5261090
15-Apr-15,17.88,18.10,17.76,18.08,4567044
14-Apr-15,18.12,18.20,18.05,18.06,3175818
13-Apr-15,18.05,18.22,18.00,18.11,3672786
10-Apr-15,18.08,18.16,18.00,18.16,3275666
9-Apr-15,17.88,18.03,17.84,18.01,4685920
8-Apr-15,17.80,17.92,17.71,17.89,3681888
7-Apr-15,17.28,17.58,17.26,17.54,9600738
6-Apr-15,17.36,17.41,17.26,17.28,3508224
2-Apr-15,17.32,17.39,17.30,17.32,2518270
1-Apr-15,17.42,17.50,17.28,17.32,6657556
31-Mar-15,17.79,17.80,17.54,17.54,5708620
30-Mar-15,17.88,17.99,17.82,17.89,3989408
27-Mar-15,17.64,17.84,17.48,17.75,7378156
26-Mar-15,17.38,17.60,17.19,17.48,10866034
25-Mar-15,17.89,17.93,17.50,17.51,4981120
24-Mar-15,17.94,18.00,17.86,17.86,5271318
23-Mar-15,17.86,18.08,17.82,18.00,3848950
20-Mar-15,18.18,18.32,18.06,18.06,4178944
19-Mar-15,17.96,18.18,17.94,17.99,4273618
18-Mar-15,17.70,18.20,17.70,18.10,4373896
17-Mar-15,17.85,17.90,17.72,17.84,3545406
16-Mar-15,17.88,18.09,17.77,18.06,3927574
13-Mar-15,17.58,17.65,17.52,17.60,2942532
12-Mar-15,17.44,17.72,17.44,17.62,3996472
11-Mar-15,17.32,17.48,17.20,17.32,3903528
10-Mar-15,17.36,17.39,17.24,17.34,6579240
9-Mar-15,17.38,17.60,17.32,17.42,6683664
6-Mar-15,17.68,17.76,17.54,17.62,6446872
5-Mar-15,18.00,18.04,17.68,17.74,7842452
4-Mar-15,18.24,18.36,18.02,18.06,4547276
3-Mar-15,18.44,18.54,18.40,18.44,4897276
2-Mar-15,18.35,18.36,18.22,18.30,3225978
27-Feb-15,18.36,18.45,18.22,18.36,4598368
26-Feb-15,18.18,18.34,18.14,18.29,2806726
25-Feb-15,18.50,18.61,18.28,18.38,4501822
24-Feb-15,18.16,18.40,18.14,18.38,3126632
23-Feb-15,18.18,18.22,18.08,18.10,3655152
20-Feb-15,18.29,18.48,18.22,18.46,3046726
19-Feb-15,18.44,18.64,18.40,18.60,4083256
18-Feb-15,18.28,18.28,18.22,18.25,4036910
17-Feb-15,18.16,18.26,17.97,18.08,4966466
13-Feb-15,18.44,18.50,18.24,18.30,2943766
12-Feb-15,18.43,18.52,18.30,18.36,5344420
11-Feb-15,18.19,18.30,18.11,18.16,3275826
10-Feb-15,18.24,18.30,18.02,18.24,4019352
9-Feb-15,17.92,18.24,17.86,18.10,5424536
6-Feb-15,17.84,18.05,17.78,17.88,4942094
5-Feb-15,17.57,17.88,17.57,17.88,4640896
4-Feb-15,17.43,17.62,17.32,17.39,4270790
3-Feb-15,17.27,17.30,17.12,17.26,3927922
2-Feb-15,17.34,17.37,17.02,17.18,3660268
30-Jan-15,17.28,17.34,17.02,17.04,4862776
29-Jan-15,17.47,17.47,17.08,17.31,5198334
28-Jan-15,17.69,17.76,17.55,17.57,4902298
27-Jan-15,17.42,17.70,17.38,17.57,6615428
26-Jan-15,17.72,17.91,17.72,17.84,4093418
23-Jan-15,17.89,17.92,17.65,17.75,7044372
22-Jan-15,17.74,17.91,17.62,17.90,6172592
21-Jan-15,17.56,17.62,17.42,17.60,5014358
20-Jan-15,17.32,17.44,17.16,17.30,3058058
16-Jan-15,17.15,17.30,17.02,17.28,4910188
15-Jan-15,17.08,17.35,17.06,17.08,6943232
14-Jan-15,16.98,17.00,16.84,16.94,4342996
13-Jan-15,16.90,17.05,16.81,16.93,6280352
12-Jan-15,17.00,17.05,16.70,16.76,7009752
9-Jan-15,17.28,17.42,16.55,16.78,10625086
8-Jan-15,16.02,16.16,16.00,16.06,7047470
7-Jan-15,15.70,16.10,15.69,15.97,11601926
6-Jan-15,15.70,15.85,15.39,15.64,6645404
5-Jan-15,15.84,15.87,15.67,15.75,5052544
2-Jan-15,16.12,16.12,15.83,15.95,6701034
31-Dec-14,15.86,15.98,15.70,15.73,2749924
30-Dec-14,16.00,16.06,15.70,15.74,2861400
29-Dec-14,15.92,16.01,15.89,15.90,1672466
26-Dec-14,16.10,16.10,15.90,15.90,1264754
24-Dec-14,15.72,16.04,15.72,15.87,2322076
23-Dec-14,15.84,16.04,15.83,16.02,4335722
22-Dec-14,15.97,16.10,15.90,16.05,4856354
19-Dec-14,16.27,16.31,16.05,16.06,7129478
18-Dec-14,15.87,16.30,15.87,16.28,9387348
17-Dec-14,15.44,15.70,15.36,15.68,9586356
16-Dec-14,15.26,15.69,15.20,15.50,9342846
15-Dec-14,15.49,15.60,15.34,15.44,7064052
12-Dec-14,15.67,15.86,15.62,15.64,6867370
11-Dec-14,15.48,15.92,15.43,15.82,8275344
10-Dec-14,16.04,16.09,15.70,15.70,5048130
9-Dec-14,16.06,16.22,15.88,16.08,8116906
8-Dec-14,16.14,16.28,16.00,16.16,11539664
5-Dec-14,16.92,16.94,16.74,16.83,5416196
4-Dec-14,17.17,17.21,17.05,17.10,4153100
3-Dec-14,17.28,17.44,17.12,17.44,3405844
2-Dec-14,17.18,17.31,17.05,17.28,3644828
1-Dec-14,17.42,17.59,17.39,17.46,4330604
28-Nov-14,17.43,17.56,17.32,17.46,3303632
26-Nov-14,17.29,17.49,17.29,17.47,4183852
25-Nov-14,17.24,17.32,17.13,17.21,5244152
24-Nov-14,17.15,17.49,17.09,17.42,7929248
21-Nov-14,16.80,16.98,16.73,16.96,3914164
20-Nov-14,16.96,17.04,16.45,16.56,12112036
19-Nov-14,16.86,16.88,16.75,16.80,6284596
18-Nov-14,17.04,17.13,16.72,16.83,6301720
17-Nov-14,17.00,17.22,16.98,17.00,3600720
14-Nov-14,16.96,16.98,16.86,16.96,2772368
13-Nov-14,17.00,17.07,16.93,16.99,2980500
12-Nov-14,16.78,16.91,16.74,16.79,5150652
11-Nov-14,16.91,16.96,16.76,16.80,3567624
10-Nov-14,16.96,17.06,16.90,16.94,3610600
7-Nov-14,16.90,17.07,16.90,17.00,5237636
6-Nov-14,16.87,16.97,16.83,16.90,2851788
5-Nov-14,16.92,17.03,16.72,16.87,4402488
4-Nov-14,16.76,16.82,16.68,16.76,2949332
3-Nov-14,16.68,16.82,16.66,16.75,4059732
31-Oct-14,16.56,16.73,16.50,16.72,6900456
30-Oct-14,16.05,16.36,16.02,16.31,5682128
29-Oct-14,15.85,16.04,15.83,16.00,5515656
28-Oct-14,15.55,15.70,15.53,15.68,6644164
27-Oct-14,15.49,15.61,15.37,15.49,7096928
24-Oct-14,15.42,15.67,15.36,15.54,5719664
23-Oct-14,15.54,15.61,15.37,15.37,4600936
22-Oct-14,15.51,15.62,15.40,15.43,3482160
21-Oct-14,15.53,15.64,15.40,15.59,8995432
20-Oct-14,15.39,15.61,15.37,15.56,8766528
17-Oct-14,15.76,15.90,15.44,15.51,13356264
16-Oct-14,15.58,15.81,15.39,15.72,8899312
15-Oct-14,15.96,16.25,15.84,16.04,13245384
14-Oct-14,15.80,16.37,15.80,16.12,11073952
13-Oct-14,16.01,16.30,15.94,15.96,13201032
10-Oct-14,15.60,15.89,15.46,15.70,23253060
9-Oct-14,14.97,15.03,14.78,14.85,9937516
8-Oct-14,14.77,15.13,14.77,15.09,9182236
7-Oct-14,15.46,15.61,15.02,15.06,16284440
6-Oct-14,15.11,15.28,15.06,15.25,4510828
3-Oct-14,14.99,15.06,14.94,15.02,5445304
2-Oct-14,14.99,15.02,14.85,14.90,5738396
1-Oct-14,15.38,15.41,15.03,15.04,10878608
30-Sep-14,15.08,15.18,15.04,15.12,5858724
29-Sep-14,15.02,15.16,15.00,15.13,6053036
26-Sep-14,14.91,15.04,14.86,15.02,5957988
25-Sep-14,14.86,14.96,14.72,14.74,8630016
24-Sep-14,14.73,14.92,14.72,14.92,4982768
23-Sep-14,14.66,14.76,14.61,14.72,5395524
22-Sep-14,14.84,14.88,14.69,14.72,6999280
19-Sep-14,14.99,15.02,14.86,14.88,9140432
18-Sep-14,15.00,15.03,14.78,14.86,13955928
17-Sep-14,15.27,15.30,14.73,14.80,14990088
16-Sep-14,14.83,14.99,14.80,14.93,6226496
15-Sep-14,14.88,14.94,14.75,14.76,3585284
12-Sep-14,15.00,15.04,14.85,14.91,4771976
11-Sep-14,15.09,15.10,14.97,15.03,3983936
10-Sep-14,15.00,15.15,14.99,15.11,5047596
9-Sep-14,15.32,15.34,15.03,15.07,8105200
8-Sep-14,15.52,15.54,15.39,15.44,5231648
5-Sep-14,15.30,15.41,15.28,15.40,4439408
4-Sep-14,15.32,15.36,15.25,15.28,5488428
3-Sep-14,15.28,15.36,15.12,15.30,8461212
2-Sep-14,14.86,14.92,14.82,14.86,2672440
29-Aug-14,14.86,14.88,14.80,14.88,2496216
28-Aug-14,14.78,14.83,14.68,14.82,3005536
27-Aug-14,14.92,14.97,14.87,14.89,4308184
26-Aug-14,14.88,14.90,14.78,14.86,2993536
25-Aug-14,14.86,14.91,14.79,14.82,3870344
22-Aug-14,14.76,14.88,14.72,14.75,4989956
21-Aug-14,14.60,14.64,14.50,14.59,2252432
20-Aug-14,14.61,14.72,14.56,14.62,3235824
19-Aug-14,14.60,14.60,14.50,14.53,5026236
18-Aug-14,14.53,14.62,14.44,14.60,4061272
15-Aug-14,14.58,14.61,14.40,14.54,3576648
14-Aug-14,14.59,14.68,14.50,14.53,3929412
13-Aug-14,14.61,14.63,14.52,14.58,2824624
12-Aug-14,14.54,14.61,14.40,14.45,5126124
11-Aug-14,14.56,14.67,14.55,14.62,3519304
8-Aug-14,14.24,14.52,14.21,14.47,6538264
7-Aug-14,14.30,14.38,14.24,14.29,9948076
6-Aug-14,14.02,14.12,13.78,14.07,8968592
5-Aug-14,14.49,14.53,14.31,14.42,8189260
4-Aug-14,14.18,14.32,14.12,14.32,6916636
1-Aug-14,13.72,13.81,13.66,13.79,5510592
31-Jul-14,13.76,13.81,13.68,13.70,4657060
30-Jul-14,13.89,13.96,13.85,13.91,2147348
29-Jul-14,13.97,13.97,13.84,13.85,3112184
28-Jul-14,13.85,13.98,13.81,13.97,3712916
25-Jul-14,13.90,13.92,13.76,13.80,2091048
24-Jul-14,13.99,14.03,13.84,13.94,3525296
23-Jul-14,13.98,13.98,13.82,13.87,5389288
22-Jul-14,13.48,13.66,13.47,13.58,5387756
21-Jul-14,13.33,13.38,13.17,13.37,7506076
18-Jul-14,13.40,13.58,13.36,13.56,4712300
17-Jul-14,13.56,13.61,13.28,13.30,5133484
16-Jul-14,13.44,13.71,13.44,13.70,11230600
15-Jul-14,13.40,13.44,13.30,13.34,6685004
14-Jul-14,13.42,13.52,13.37,13.42,7824856
11-Jul-14,14.04,14.12,13.34,13.56,15980796
10-Jul-14,13.64,13.94,13.57,13.91,8300816
9-Jul-14,13.80,13.85,13.69,13.76,5223696
8-Jul-14,13.87,13.94,13.83,13.89,6709408
7-Jul-14,13.81,13.93,13.77,13.90,6922772
3-Jul-14,13.44,13.46,13.32,13.43,3428900
2-Jul-14,13.46,13.47,13.38,13.41,3838368
1-Jul-14,13.40,13.50,13.38,13.44,2872740
30-Jun-14,13.43,13.55,13.43,13.44,4128844
27-Jun-14,13.35,13.43,13.30,13.43,3697604
26-Jun-14,13.24,13.29,13.14,13.16,3744504
25-Jun-14,13.22,13.35,13.20,13.33,4114092
24-Jun-14,13.39,13.76,13.22,13.23,4271708
23-Jun-14,13.45,13.45,13.28,13.37,4367504
20-Jun-14,13.68,13.74,13.54,13.65,5986888
19-Jun-14,13.79,13.82,13.55,13.66,5145444
18-Jun-14,13.45,13.57,13.36,13.55,3825056
17-Jun-14,13.44,13.53,13.41,13.46,5283692
16-Jun-14,13.61,13.65,13.51,13.58,6687420
13-Jun-14,13.50,13.52,13.40,13.50,4019612
12-Jun-14,13.52,13.61,13.28,13.42,13995192
11-Jun-14,13.48,13.76,13.46,13.69,12863724
10-Jun-14,13.26,13.28,12.99,13.08,6671016
9-Jun-14,12.94,13.00,12.92,12.99,6222156
6-Jun-14,12.93,13.04,12.90,13.00,3774884
5-Jun-14,12.86,12.94,12.83,12.91,3557840
4-Jun-14,12.91,12.91,12.76,12.83,5213776
3-Jun-14,12.98,13.00,12.90,12.99,4162880
2-Jun-14,12.92,13.12,12.90,13.07,7643692
30-May-14,12.65,12.87,12.62,12.86,14345024
29-May-14,12.52,12.70,12.52,12.69,10697328
28-May-14,13.14,13.17,12.72,12.79,13713980
27-May-14,13.30,13.38,13.16,13.23,3354020
23-May-14,13.12,13.18,13.09,13.16,4425848
22-May-14,13.25,13.29,13.14,13.15,6184392
21-May-14,13.43,13.45,13.30,13.33,4862260
20-May-14,13.08,13.29,13.08,13.21,6221964
19-May-14,12.94,13.09,12.86,13.02,8537064
16-May-14,13.41,13.42,13.12,13.30,8546508
15-May-14,13.72,13.73,13.34,13.44,8950484
14-May-14,13.62,13.67,13.49,13.60,4329468
13-May-14,13.58,13.64,13.54,13.58,5326760
12-May-14,13.46,13.52,13.31,13.49,5589740
9-May-14,12.97,13.16,12.92,13.12,5672892
8-May-14,12.84,12.94,12.76,12.85,6633136
7-May-14,12.86,12.87,12.62,12.82,10201556
6-May-14,13.22,13.39,13.14,13.32,5009020
5-May-14,13.28,13.32,13.16,13.30,2888048
2-May-14,13.40,13.48,13.34,13.37,4596156
1-May-14,13.40,13.44,13.30,13.33,2821752
30-Apr-14,13.25,13.48,13.20,13.43,6133072
29-Apr-14,13.32,13.36,13.22,13.32,5753668
28-Apr-14,13.15,13.27,13.13,13.23,4906784
25-Apr-14,13.10,13.19,13.06,13.12,5174832
24-Apr-14,13.12,13.15,13.04,13.14,5539540
23-Apr-14,13.06,13.08,12.95,13.08,6541816
22-Apr-14,13.00,13.17,12.88,13.11,6997668
21-Apr-14,13.11,13.20,13.08,13.12,3186336
17-Apr-14,13.14,13.24,13.03,13.22,4818092
16-Apr-14,13.08,13.19,12.95,13.14,7368776
15-Apr-14,13.43,13.62,12.73,13.24,19687808
14-Apr-14,13.42,13.97,13.36,13.90,10176384
11-Apr-14,13.22,13.40,13.20,13.29,5360880
10-Apr-14,13.40,13.47,13.18,13.19,5823112
9-Apr-14,13.53,13.59,13.39,13.52,6903308
8-Apr-14,13.68,13.83,13.61,13.74,3678752
7-Apr-14,13.60,13.78,13.51,13.66,3562688
4-Apr-14,13.88,13.93,13.60,13.70,3068616
3-Apr-14,13.87,13.94,13.66,13.79,2893984
2-Apr-14,13.85,13.96,13.82,13.92,3894008
1-Apr-14,13.73,13.86,13.71,13.80,3805124
31-Mar-14,13.60,13.64,13.52,13.54,4293636
28-Mar-14,13.57,13.70,13.44,13.48,4207900
27-Mar-14,13.36,13.48,13.26,13.40,6786476
26-Mar-14,13.53,13.60,13.38,13.40,5096748
25-Mar-14,13.44,13.50,13.28,13.34,5564368
24-Mar-14,13.48,13.54,13.23,13.33,4516188
21-Mar-14,13.64,13.67,13.44,13.46,5928260
20-Mar-14,13.46,13.78,13.41,13.66,6050500
19-Mar-14,13.33,13.62,13.30,13.46,8207744
18-Mar-14,13.68,13.80,13.60,13.73,4271640
17-Mar-14,13.82,13.89,13.66,13.76,4527920
14-Mar-14,13.75,13.88,13.71,13.74,7562544
13-Mar-14,13.66,13.79,13.32,13.62,12121080
12-Mar-14,14.73,14.75,13.53,14.00,23094780
11-Mar-14,15.01,15.14,14.88,14.91,3423796
10-Mar-14,14.98,14.98,14.77,14.91,4135276
7-Mar-14,15.32,15.40,15.05,15.09,6875180
6-Mar-14,15.74,15.80,15.62,15.75,4785564
5-Mar-14,15.44,15.72,15.41,15.63,3891024
4-Mar-14,15.28,15.49,15.25,15.47,5225228
3-Mar-14,15.18,15.18,14.94,14.98,4745364
28-Feb-14,15.40,15.53,15.33,15.42,3508860
27-Feb-14,15.35,15.42,15.28,15.42,2210120
26-Feb-14,15.30,15.38,15.24,15.30,3730952
25-Feb-14,15.26,15.30,15.14,15.19,2870560
24-Feb-14,15.21,15.32,15.16,15.26,3623816
21-Feb-14,15.21,15.31,15.12,15.20,3437408
20-Feb-14,14.98,15.22,14.93,15.21,4829040
19-Feb-14,15.07,15.19,14.95,14.98,3727112
18-Feb-14,14.91,15.04,14.84,14.97,4218240
14-Feb-14,14.63,14.88,14.62,14.82,3254944
13-Feb-14,14.36,14.64,14.36,14.60,2583768
12-Feb-14,14.65,14.70,14.54,14.61,3337784
11-Feb-14,14.48,14.66,14.35,14.64,5467368
10-Feb-14,14.32,14.50,14.29,14.38,3509320
7-Feb-14,14.35,14.45,14.34,14.42,2634800
6-Feb-14,14.19,14.41,14.19,14.38,2631340
5-Feb-14,14.22,14.26,13.95,14.13,6596604
4-Feb-14,14.27,14.33,14.14,14.27,9242300
3-Feb-14,14.53,14.64,14.12,14.14,5990140
31-Jan-14,14.64,14.68,14.56,14.64,5783712
30-Jan-14,14.76,14.83,14.68,14.82,6910232
29-Jan-14,14.67,14.71,14.54,14.59,4281856
28-Jan-14,14.66,14.66,14.49,14.51,6393388
27-Jan-14,14.83,15.18,14.54,14.55,11985092
24-Jan-14,15.08,15.15,14.88,14.88,5452740
23-Jan-14,15.31,15.39,15.21,15.30,5713592
22-Jan-14,15.23,15.42,15.18,15.37,7006928
21-Jan-14,15.16,15.36,15.00,15.13,9865088
17-Jan-14,15.13,15.19,15.00,15.07,6920044
16-Jan-14,15.14,15.19,15.10,15.18,8541644
15-Jan-14,15.14,15.24,14.97,15.00,6541648
14-Jan-14,15.02,15.16,14.88,15.13,5147032
13-Jan-14,15.00,15.12,14.84,14.85,7179968
10-Jan-14,14.46,14.93,14.38,14.88,18588408
9-Jan-14,13.97,14.25,13.88,14.04,7632000
8-Jan-14,13.88,13.94,13.81,13.94,4820364
7-Jan-14,13.95,14.10,13.91,14.02,3100760
6-Jan-14,14.22,14.23,14.04,14.08,2410096
3-Jan-14,14.29,14.40,14.22,14.29,4210908
2-Jan-14,14.06,14.06,13.85,13.88,1841852
31-Dec-13,14.18,14.22,14.12,14.15,1446028
30-Dec-13,14.20,14.22,14.10,14.14,3704904
27-Dec-13,14.50,14.58,14.46,14.56,3864832
26-Dec-13,14.31,14.39,14.31,14.37,3782484
24-Dec-13,14.16,14.31,14.14,14.29,2098772
23-Dec-13,14.07,14.24,14.06,14.22,5257044
20-Dec-13,14.26,14.28,14.19,14.25,5035900
19-Dec-13,14.08,14.18,14.00,14.14,3343508
18-Dec-13,13.96,14.07,13.75,14.05,2653536
17-Dec-13,13.92,14.10,13.86,13.97,2492940
16-Dec-13,13.91,14.04,13.82,13.92,7336872
13-Dec-13,13.50,13.66,13.48,13.59,2210196
12-Dec-13,13.53,13.61,13.42,13.47,2546440
11-Dec-13,13.76,13.88,13.56,13.57,2624228
10-Dec-13,13.77,13.84,13.67,13.77,2140676
9-Dec-13,13.75,13.82,13.72,13.80,3469284
6-Dec-13,13.68,13.95,13.66,13.87,5507084
5-Dec-13,13.56,13.62,13.41,13.47,5531660
4-Dec-13,13.46,13.61,13.37,13.59,4350888
3-Dec-13,13.44,13.44,13.27,13.30,3004964
2-Dec-13,13.50,13.55,13.38,13.39,2477596
29-Nov-13,13.44,13.63,13.41,13.50,1629372
27-Nov-13,13.31,13.34,13.22,13.30,4342324
26-Nov-13,13.31,13.46,13.21,13.40,3974296
25-Nov-13,13.41,13.41,13.30,13.31,4133724
22-Nov-13,13.40,13.50,13.36,13.48,3034868
21-Nov-13,13.42,13.43,13.31,13.38,4086064
20-Nov-13,13.69,13.72,13.55,13.60,2511224
19-Nov-13,13.90,13.92,13.69,13.74,3828312
18-Nov-13,13.70,13.90,13.69,13.84,5582424
15-Nov-13,13.50,13.70,13.50,13.66,4583564
14-Nov-13,13.32,13.50,13.22,13.49,4768776
13-Nov-13,13.14,13.41,13.14,13.37,4024840
12-Nov-13,13.21,13.22,13.09,13.19,3302196
11-Nov-13,13.33,13.41,13.25,13.31,4355900
8-Nov-13,13.36,13.42,13.25,13.42,4104568
7-Nov-13,13.49,13.58,13.40,13.42,6353564
6-Nov-13,13.25,13.46,13.25,13.40,4929160
5-Nov-13,13.21,13.25,13.15,13.23,4434812
4-Nov-13,13.17,13.20,13.08,13.10,4950588
1-Nov-13,13.28,13.33,13.08,13.14,4593584
31-Oct-13,13.44,13.46,13.26,13.26,4386996
30-Oct-13,13.50,13.56,13.40,13.43,4701048
29-Oct-13,13.52,13.63,13.43,13.53,4886688
28-Oct-13,13.56,13.56,13.35,13.48,4285512
25-Oct-13,13.56,13.60,13.41,13.52,3631912
24-Oct-13,13.51,13.62,13.46,13.56,4203092
23-Oct-13,13.54,13.64,13.51,13.54,4896800
22-Oct-13,13.73,13.75,13.58,13.68,2604144
21-Oct-13,13.57,13.68,13.54,13.63,2550580
18-Oct-13,13.65,13.69,13.50,13.53,3816380
17-Oct-13,13.37,13.59,13.33,13.57,4674636
16-Oct-13,13.68,13.78,13.55,13.62,6335688
15-Oct-13,13.48,13.72,13.48,13.69,7591760
14-Oct-13,13.46,13.65,13.41,13.64,6244672
11-Oct-13,13.32,13.58,13.25,13.35,13246372
10-Oct-13,12.64,12.84,12.56,12.57,12003660
9-Oct-13,12.41,12.45,12.32,12.42,14428776
8-Oct-13,12.30,12.34,12.05,12.08,7473856
7-Oct-13,12.31,12.38,12.25,12.36,4570624
4-Oct-13,12.32,12.36,12.25,12.35,5205768
3-Oct-13,12.31,12.37,12.23,12.29,4413952
2-Oct-13,12.12,12.25,12.09,12.22,3479836
1-Oct-13,12.04,12.18,11.94,12.17,4334256
30-Sep-13,12.00,12.14,11.99,12.03,4657604
27-Sep-13,12.04,12.17,12.00,12.16,6191960
26-Sep-13,12.23,12.24,12.17,12.18,3090132
25-Sep-13,12.28,12.32,12.20,12.22,4671832
24-Sep-13,12.00,12.19,11.98,12.15,5055220
23-Sep-13,12.01,12.22,12.00,12.12,4855344
20-Sep-13,12.10,12.12,11.96,11.97,3368500
19-Sep-13,12.25,12.29,12.06,12.13,4246160
18-Sep-13,11.97,12.28,11.93,12.26,6388116
17-Sep-13,12.05,12.09,11.98,12.05,3775648
16-Sep-13,12.04,12.10,12.01,12.02,6543148
13-Sep-13,11.93,11.99,11.84,11.99,4065792
12-Sep-13,12.18,12.18,12.02,12.08,3207400
11-Sep-13,12.35,12.37,12.14,12.22,6073848
10-Sep-13,12.34,12.38,12.22,12.35,7036940
9-Sep-13,11.68,11.91,11.68,11.89,5097368
6-Sep-13,11.75,11.76,11.56,11.66,3856224
5-Sep-13,11.44,11.58,11.40,11.54,5009936
4-Sep-13,11.61,11.72,11.54,11.68,5733456
3-Sep-13,11.25,11.38,11.20,11.36,8470476
30-Aug-13,11.70,11.73,11.55,11.59,3237204
29-Aug-13,11.64,11.68,11.55,11.55,5420184
28-Aug-13,11.44,11.66,11.40,11.62,6237632
27-Aug-13,11.52,11.65,11.52,11.60,8673656
26-Aug-13,11.86,11.97,11.79,11.89,4316560
23-Aug-13,11.74,11.96,11.72,11.90,5714748
22-Aug-13,11.74,11.77,11.64,11.72,6247148
21-Aug-13,11.58,11.77,11.56,11.60,7742740
20-Aug-13,11.90,11.97,11.84,11.87,4501964
19-Aug-13,11.97,12.01,11.90,11.93,6535944
16-Aug-13,12.12,12.18,12.00,12.10,4363356
15-Aug-13,12.40,12.42,12.15,12.22,5428048
14-Aug-13,12.61,12.62,12.44,12.51,5484088
13-Aug-13,12.63,12.63,12.48,12.60,5144672
12-Aug-13,12.44,12.52,12.38,12.38,6715200
9-Aug-13,12.34,12.46,12.32,12.38,3640916
8-Aug-13,12.27,12.50,12.24,12.42,5749360
7-Aug-13,12.20,12.21,12.12,12.12,5146352
6-Aug-13,12.35,12.36,12.19,12.27,6164916
5-Aug-13,12.39,12.47,12.33,12.43,4266900
2-Aug-13,12.44,12.50,12.36,12.42,3645480
1-Aug-13,12.44,12.55,12.42,12.46,7030876
31-Jul-13,12.28,12.51,12.25,12.42,6919544
30-Jul-13,12.42,12.49,12.38,12.42,5091848
29-Jul-13,12.33,12.48,12.30,12.45,5104372
26-Jul-13,12.38,12.46,12.37,12.46,4067440
25-Jul-13,12.42,12.58,12.34,12.49,8683304
24-Jul-13,12.34,12.41,12.28,12.39,6290904
23-Jul-13,12.19,12.27,12.16,12.18,6161388
22-Jul-13,11.98,12.32,11.98,12.26,10020976
19-Jul-13,11.85,12.00,11.85,11.94,5270704
18-Jul-13,11.80,11.96,11.79,11.90,6181688
17-Jul-13,11.60,11.75,11.60,11.70,4055040
16-Jul-13,11.54,11.68,11.44,11.60,4704884
15-Jul-13,11.46,11.61,11.34,11.58,6253824
12-Jul-13,11.88,11.98,11.45,11.54,22944844
11-Jul-13,10.67,11.04,10.62,11.01,12102844
10-Jul-13,10.54,10.67,10.50,10.64,9409836
9-Jul-13,10.29,10.55,10.28,10.53,8028264
8-Jul-13,10.24,10.40,10.24,10.39,5856360
5-Jul-13,10.19,10.32,10.19,10.28,5132496
3-Jul-13,10.03,10.19,10.00,10.14,3938740
2-Jul-13,10.15,10.32,10.10,10.13,4838388
1-Jul-13,10.24,10.42,10.18,10.26,7922156
28-Jun-13,10.22,10.42,10.18,10.30,7587652
27-Jun-13,10.29,10.40,10.16,10.35,5506556
26-Jun-13,10.02,10.18,10.02,10.06,7488704
25-Jun-13,9.94,10.09,9.93,10.07,6816752
24-Jun-13,9.89,9.89,9.73,9.80,8264860
21-Jun-13,10.13,10.15,9.98,10.04,6078268
20-Jun-13,10.05,10.13,9.88,9.95,7056788
19-Jun-13,10.39,10.46,10.24,10.24,4230600
18-Jun-13,10.46,10.50,10.37,10.40,6105508
17-Jun-13,10.48,10.62,10.48,10.56,8315880
14-Jun-13,10.43,10.60,10.41,10.51,9234808
13-Jun-13,10.32,10.45,10.29,10.42,5997732
12-Jun-13,10.57,10.57,10.38,10.44,6381408
11-Jun-13,10.59,10.70,10.53,10.65,6001736
10-Jun-13,10.78,10.84,10.73,10.78,6254580
7-Jun-13,10.74,10.85,10.66,10.76,5701668
6-Jun-13,10.62,10.71,10.59,10.68,3591756
5-Jun-13,10.81,10.82,10.61,10.66,5052656
4-Jun-13,10.95,11.02,10.88,10.92,5238036
3-Jun-13,11.00,11.14,10.79,10.86,13778712
31-May-13,10.65,10.67,10.44,10.44,7586548
30-May-13,10.37,10.60,10.37,10.43,4045480
29-May-13,10.33,10.42,10.26,10.36,5854164
28-May-13,10.60,10.69,10.54,10.62,5627332
24-May-13,10.53,10.54,10.41,10.45,3608620
23-May-13,10.66,10.67,10.50,10.62,6009564
22-May-13,10.81,10.88,10.70,10.76,8144728
21-May-13,10.88,10.99,10.81,10.88,7347356
20-May-13,10.82,10.82,10.69,10.78,5245796
17-May-13,10.75,10.88,10.68,10.84,5138004
16-May-13,10.59,10.77,10.59,10.68,4643976
15-May-13,10.76,10.80,10.58,10.62,5801764
14-May-13,10.79,10.81,10.65,10.73,3838864
13-May-13,10.70,10.78,10.61,10.70,5100276
10-May-13,10.83,10.85,10.64,10.72,7076248
9-May-13,10.89,10.90,10.79,10.82,4268960
8-May-13,10.93,10.98,10.81,10.96,7483420
7-May-13,10.80,11.03,10.77,10.99,10694208
6-May-13,10.82,10.87,10.75,10.80,4394344
3-May-13,10.72,10.86,10.72,10.85,7977684
2-May-13,10.52,10.67,10.52,10.64,11765572
1-May-13,10.52,10.54,10.33,10.38,9366132
30-Apr-13,10.30,10.47,10.28,10.44,6973236
29-Apr-13,10.20,10.30,10.16,10.20,8605416
26-Apr-13,10.16,10.20,9.94,10.02,11788832
25-Apr-13,10.19,10.26,10.16,10.22,6734692
24-Apr-13,10.29,10.31,10.14,10.20,10337580
23-Apr-13,10.36,10.43,10.24,10.29,9929956
22-Apr-13,10.28,10.36,10.22,10.33,9880876
19-Apr-13,10.38,10.45,10.28,10.44,12677088
18-Apr-13,10.60,10.64,10.28,10.32,11647940
17-Apr-13,10.64,10.67,10.38,10.47,13947128
16-Apr-13,10.55,10.72,10.53,10.69,10871556
15-Apr-13,10.66,10.68,10.38,10.43,23624004
12-Apr-13,11.04,11.32,10.72,10.78,73803472
11-Apr-13,13.38,13.63,13.29,13.58,14410620
10-Apr-13,12.90,13.40,12.90,13.20,10752516
9-Apr-13,12.74,13.02,12.69,12.87,6128532
8-Apr-13,12.90,13.00,12.80,13.00,4274340
5-Apr-13,12.92,13.03,12.79,13.01,3784848
4-Apr-13,13.15,13.19,13.05,13.14,5940272
3-Apr-13,13.54,13.62,13.36,13.41,5772332
2-Apr-13,13.56,13.71,13.48,13.55,5802436
1-Apr-13,13.48,13.49,13.29,13.32,4449752
28-Mar-13,13.23,13.49,13.18,13.48,7807192
27-Mar-13,13.11,13.21,13.05,13.18,3514292
26-Mar-13,13.14,13.23,13.14,13.16,5160408
25-Mar-13,13.14,13.17,13.00,13.07,5866312
22-Mar-13,13.10,13.18,13.00,13.09,5545560
21-Mar-13,13.25,13.27,13.03,13.05,5012844
20-Mar-13,13.18,13.38,13.18,13.36,6261600
19-Mar-13,13.24,13.27,13.08,13.13,4991176
18-Mar-13,13.21,13.40,13.17,13.30,5173784
15-Mar-13,13.42,13.62,13.39,13.40,8436732
14-Mar-13,13.25,13.34,13.24,13.32,4286600
13-Mar-13,13.22,13.29,13.12,13.24,4978072
12-Mar-13,13.39,13.44,13.13,13.19,8295540
11-Mar-13,13.58,13.62,13.47,13.59,5246772
8-Mar-13,13.65,13.80,13.65,13.76,6631480
7-Mar-13,13.78,13.80,13.67,13.67,6855228
6-Mar-13,13.61,13.75,13.61,13.69,6050576
5-Mar-13,13.44,13.56,13.40,13.54,7425900
4-Mar-13,13.34,13.40,13.28,13.40,7627676
1-Mar-13,13.37,13.53,13.26,13.49,9731196
28-Feb-13,13.45,13.62,13.45,13.48,6398464
27-Feb-13,13.52,13.73,13.51,13.64,9050280
26-Feb-13,13.70,13.75,13.57,13.62,5956316
25-Feb-13,13.58,13.93,13.58,13.64,16045824
22-Feb-13,13.15,13.48,13.10,13.37,13011576
21-Feb-13,12.90,12.96,12.77,12.79,5095648
20-Feb-13,13.00,13.12,12.93,12.98,5447900
19-Feb-13,13.01,13.14,13.00,13.06,5513620
15-Feb-13,12.92,12.93,12.80,12.85,4376028
14-Feb-13,13.16,13.17,12.86,12.91,5002824
13-Feb-13,12.97,13.11,12.94,13.04,5434852
12-Feb-13,12.83,12.92,12.70,12.89,5827144
11-Feb-13,13.05,13.05,12.75,12.78,9266848
8-Feb-13,13.06,13.21,13.06,13.10,4426984
7-Feb-13,13.12,13.12,12.98,13.05,8526696
6-Feb-13,13.08,13.24,13.07,13.22,8821376
5-Feb-13,13.10,13.18,13.04,13.15,8507240
4-Feb-13,13.04,13.11,12.98,12.98,8558368
1-Feb-13,13.12,13.22,13.05,13.20,6683324
31-Jan-13,13.08,13.22,13.05,13.18,7998384
30-Jan-13,13.15,13.26,13.08,13.21,6909308
29-Jan-13,13.09,13.16,13.00,13.11,4212728
28-Jan-13,13.15,13.15,12.98,13.05,4697196
25-Jan-13,13.13,13.20,13.11,13.17,6365812
24-Jan-13,13.12,13.24,13.08,13.16,7271476
23-Jan-13,13.01,13.34,12.97,13.26,10013092
22-Jan-13,13.02,13.05,12.93,13.00,5812760
18-Jan-13,13.00,13.10,12.95,13.05,4821964
17-Jan-13,12.92,13.14,12.91,13.03,7842648
16-Jan-13,12.69,12.90,12.66,12.83,6921900
15-Jan-13,12.79,12.83,12.58,12.75,14948612
14-Jan-13,12.88,13.07,12.84,12.98,19965328
11-Jan-13,12.71,13.29,12.54,13.06,59170908
10-Jan-13,10.74,11.19,10.64,10.99,16925396
9-Jan-13,10.61,10.75,10.61,10.67,13414684
8-Jan-13,10.62,10.70,10.61,10.63,9890668
7-Jan-13,10.68,10.83,10.67,10.82,7283764
4-Jan-13,10.74,10.74,10.58,10.67,8707220
3-Jan-13,10.76,10.96,10.73,10.87,7955324
2-Jan-13,10.87,10.89,10.64,10.72,6815212
31-Dec-12,10.56,10.59,10.44,10.58,5838628
28-Dec-12,10.47,10.53,10.44,10.45,3597748
27-Dec-12,10.47,10.51,10.38,10.42,3768224
26-Dec-12,10.56,10.62,10.49,10.54,3499060
24-Dec-12,10.57,10.61,10.48,10.48,2955600
21-Dec-12,10.45,10.67,10.42,10.67,8434828
20-Dec-12,10.52,10.61,10.40,10.61,7722656
19-Dec-12,10.56,10.71,10.55,10.60,6356568
18-Dec-12,10.40,10.53,10.40,10.51,7385236
17-Dec-12,10.38,10.40,10.30,10.36,8353860
14-Dec-12,10.46,10.53,10.41,10.42,8079660
13-Dec-12,10.60,10.60,10.40,10.44,9382456
12-Dec-12,10.75,10.75,10.65,10.70,6821352
11-Dec-12,10.65,10.77,10.60,10.75,20678320
10-Dec-12,10.60,10.79,10.59,10.78,7004716
7-Dec-12,10.72,10.76,10.61,10.70,8901368
6-Dec-12,10.72,10.80,10.66,10.74,9934836
5-Dec-12,10.92,10.97,10.72,10.87,10126628
4-Dec-12,11.01,11.09,10.98,11.01,6527584
3-Dec-12,11.06,11.10,10.99,11.00,4200740
30-Nov-12,11.19,11.19,11.05,11.11,5245312
29-Nov-12,11.06,11.17,11.02,11.16,7791368
28-Nov-12,10.87,10.91,10.79,10.86,10835844
27-Nov-12,11.12,11.12,10.88,10.90,6435844
26-Nov-12,10.86,10.97,10.81,10.96,6373072
23-Nov-12,10.62,10.89,10.62,10.88,4003284
21-Nov-12,10.58,10.63,10.51,10.59,4143072
20-Nov-12,10.62,10.62,10.42,10.51,9461700
19-Nov-12,10.76,10.86,10.72,10.82,5024580
16-Nov-12,10.57,10.67,10.57,10.64,11472836
15-Nov-12,10.42,10.54,10.40,10.46,6860720
14-Nov-12,10.56,10.58,10.40,10.43,6569516
13-Nov-12,10.62,10.65,10.51,10.52,7048920
12-Nov-12,10.68,10.77,10.68,10.70,5007288
9-Nov-12,10.60,10.81,10.60,10.76,8026468
8-Nov-12,10.89,10.90,10.70,10.72,7549100
7-Nov-12,10.96,10.97,10.78,10.82,10889412
6-Nov-12,10.94,11.07,10.92,11.00,10215336
5-Nov-12,10.90,10.95,10.79,10.94,5342652
2-Nov-12,11.10,11.15,10.94,10.95,5151640
1-Nov-12,10.96,11.04,10.93,10.98,9553556
31-Oct-12,10.88,10.96,10.81,10.86,7318472
26-Oct-12,10.76,10.80,10.64,10.67,10449276
25-Oct-12,10.93,10.93,10.82,10.87,4864764
24-Oct-12,10.89,10.89,10.74,10.75,4844880
23-Oct-12,10.84,10.89,10.74,10.83,5514464
22-Oct-12,11.05,11.08,10.94,11.00,7748864
19-Oct-12,11.07,11.09,10.84,10.92,14470012
18-Oct-12,11.06,11.12,10.98,11.11,9105996
17-Oct-12,11.08,11.16,11.00,11.03,14272040
16-Oct-12,11.12,11.14,11.01,11.14,12555096
15-Oct-12,11.12,11.18,11.04,11.14,9081028
12-Oct-12,11.17,11.22,10.80,11.14,39977312
11-Oct-12,12.00,12.08,11.87,12.06,10274340
10-Oct-12,11.84,11.87,11.66,11.72,8052872
9-Oct-12,12.04,12.10,11.85,11.86,7287260
8-Oct-12,11.96,12.08,11.89,11.97,8651832
5-Oct-12,12.28,12.37,12.15,12.19,9445804
4-Oct-12,12.48,12.50,12.36,12.41,7172344
3-Oct-12,12.36,12.44,12.25,12.37,7557268
2-Oct-12,0.00,0.00,0.00,12.40,400
1-Oct-12,12.34,12.47,12.26,12.36,8536200
28-Sep-12,11.93,12.22,11.90,12.14,8704064
27-Sep-12,11.87,11.98,11.81,11.93,8532868
26-Sep-12,11.91,11.97,11.70,11.83,8610156
25-Sep-12,12.16,12.17,11.86,11.87,7309224
24-Sep-12,12.12,12.16,12.03,12.06,3425748
21-Sep-12,12.10,12.23,12.06,12.18,2945688
20-Sep-12,11.94,12.00,11.84,11.96,1687488
19-Sep-12,12.00,12.03,11.86,11.88,2777048
18-Sep-12,12.10,12.15,11.88,11.93,1969068
17-Sep-12,11.90,12.05,11.77,12.05,3002800
14-Sep-12,12.11,12.19,11.97,12.04,12145668
13-Sep-12,11.53,11.98,11.51,11.84,3018420
12-Sep-12,11.50,11.57,11.48,11.52,1756300
11-Sep-12,11.43,11.48,11.36,11.46,1579484
10-Sep-12,11.33,11.40,11.32,11.33,1294336
7-Sep-12,11.24,11.50,11.23,11.42,7629816
6-Sep-12,10.77,11.18,10.75,11.16,11055788
5-Sep-12,10.51,10.61,10.40,10.59,6049724
4-Sep-12,10.60,10.63,10.47,10.55,6409248
31-Aug-12,10.64,10.72,10.54,10.63,3137896
30-Aug-12,10.68,10.71,10.55,10.60,4221304
29-Aug-12,10.74,10.76,10.65,10.69,3987852
28-Aug-12,10.83,10.90,10.75,10.77,4959316
27-Aug-12,10.81,10.84,10.74,10.80,6198760
24-Aug-12,10.84,10.94,10.79,10.91,6608364
23-Aug-12,11.10,11.15,10.89,10.90,10632564
22-Aug-12,10.92,10.95,10.82,10.88,7386960
21-Aug-12,10.84,10.96,10.78,10.87,8952208
20-Aug-12,10.62,10.69,10.48,10.67,7375692
17-Aug-12,10.57,10.70,10.57,10.64,5501184
16-Aug-12,10.36,10.54,10.32,10.52,6325008
15-Aug-12,10.28,10.37,10.28,10.34,4024268
14-Aug-12,10.43,10.44,10.26,10.29,5594204
13-Aug-12,10.42,10.48,10.28,10.35,4536132
10-Aug-12,10.45,10.47,10.38,10.45,4521668
9-Aug-12,10.39,10.42,10.34,10.40,3222320
8-Aug-12,10.36,10.40,10.30,10.36,3325704
7-Aug-12,10.22,10.43,10.22,10.35,5669212
6-Aug-12,10.16,10.26,10.16,10.17,5788656
3-Aug-12,9.92,10.10,9.90,10.01,5338468
2-Aug-12,9.82,9.89,9.74,9.81,8518424
1-Aug-12,9.98,10.04,9.91,9.98,5470988
31-Jul-12,9.97,9.98,9.84,9.90,4570052
30-Jul-12,9.98,10.03,9.82,9.87,6557532
27-Jul-12,9.74,9.92,9.69,9.90,4008264
26-Jul-12,9.62,9.72,9.58,9.66,7963000
25-Jul-12,9.57,9.70,9.51,9.54,8006884
24-Jul-12,9.63,9.65,9.48,9.58,7606176
23-Jul-12,9.68,9.73,9.55,9.70,5547528
20-Jul-12,9.98,10.02,9.81,9.88,4783140
19-Jul-12,10.09,10.15,10.03,10.04,9502372
18-Jul-12,9.75,10.04,9.73,9.95,4700200
17-Jul-12,9.84,9.88,9.75,9.80,9478320
16-Jul-12,9.78,9.94,9.70,9.83,18085496
13-Jul-12,9.92,10.06,9.83,10.05,16946620
12-Jul-12,9.76,9.88,9.53,9.69,37994708
11-Jul-12,11.06,11.08,10.74,10.90,10218912
10-Jul-12,11.07,11.21,10.83,10.88,7806916
9-Jul-12,10.88,11.08,10.84,11.01,6264676
6-Jul-12,10.97,11.04,10.80,10.89,4912608
5-Jul-12,11.26,11.30,11.03,11.15,6879988
